"avg_crime_rate","median_crime_rate","sd_crime_rate","min_crime_rate","max_crime_rate"
565.248222155258,338.902364382382,2752.2097556338,2.47386975075762,79569.8924731183
